timestamp,stock_id,price,entry_price,peak_price,signals
2026-07-06T09:27:51.073533,GKENERGY,148.0,145.8,148.0,supply_pressure
2026-07-06T09:27:53.236209,GKENERGY,148.0,145.8,148.0,supply_pressure
2026-07-06T09:27:55.363606,GKENERGY,148.0,145.8,148.0,supply_pressure
2026-07-06T09:27:57.536250,GKENERGY,148.02,145.8,148.02,supply_pressure
2026-07-06T09:27:59.648679,GKENERGY,148.0,145.8,148.02,supply_pressure
2026-07-06T09:28:01.755973,GKENERGY,148.02,145.8,148.02,supply_pressure
2026-07-06T09:28:03.884545,GKENERGY,147.61,145.8,148.02,supply_pressure
2026-07-06T09:28:06.000057,GKENERGY,147.61,145.8,148.02,supply_pressure
2026-07-06T09:28:08.112232,GKENERGY,148.02,145.8,148.02,supply_pressure
2026-07-06T09:28:10.325957,GKENERGY,147.72,145.8,148.02,supply_pressure
2026-07-06T09:28:12.559771,GKENERGY,147.72,145.8,148.02,supply_pressure
2026-07-06T09:28:14.673369,GKENERGY,147.81,145.8,148.02,supply_pressure
2026-07-06T09:28:16.784541,GKENERGY,147.81,145.8,148.02,supply_pressure
2026-07-06T09:28:18.902378,GKENERGY,147.81,145.8,148.02,supply_pressure
2026-07-06T09:28:21.024788,GKENERGY,147.81,145.8,148.02,supply_pressure
2026-07-06T09:28:23.148312,GKENERGY,147.61,145.8,148.02,supply_pressure
2026-07-06T09:28:25.260645,GKENERGY,147.61,145.8,148.02,supply_pressure
2026-07-06T09:28:27.369644,GKENERGY,147.61,145.8,148.02,supply_pressure
2026-07-06T09:28:29.515808,GKENERGY,147.61,145.8,148.02,supply_pressure
2026-07-06T09:28:31.630658,GKENERGY,147.61,145.8,148.02,supply_pressure
2026-07-06T09:30:07.506696,CARTRADE,2829.9,2825.0,2830.0,supply_pressure
2026-07-06T09:30:09.630258,CARTRADE,2829.9,2825.0,2830.0,supply_pressure
2026-07-06T09:30:11.775081,CARTRADE,2829.9,2825.0,2830.0,supply_pressure
2026-07-06T09:30:13.919937,CARTRADE,2831.5,2825.0,2831.5,supply_pressure
2026-07-06T09:30:16.072870,CARTRADE,2831.5,2825.0,2831.5,supply_pressure
2026-07-06T09:30:18.196901,CARTRADE,2829.9,2825.0,2831.5,supply_pressure
2026-07-06T09:30:20.340171,CARTRADE,2832.0,2825.0,2832.0,supply_pressure
2026-07-06T09:30:22.481752,CARTRADE,2832.0,2825.0,2832.0,supply_pressure
2026-07-06T09:30:24.620344,CARTRADE,2829.7,2825.0,2832.0,supply_pressure
2026-07-06T09:30:26.777102,CARTRADE,2829.7,2825.0,2832.0,supply_pressure
2026-07-06T09:30:28.922225,CARTRADE,2829.5,2825.0,2832.0,supply_pressure
2026-07-06T09:30:31.068847,CARTRADE,2829.5,2825.0,2832.0,supply_pressure
2026-07-06T09:30:33.210212,CARTRADE,2832.0,2825.0,2832.0,supply_pressure
2026-07-06T09:30:35.344757,CARTRADE,2829.7,2825.0,2832.0,supply_pressure
2026-07-06T09:30:37.484596,CARTRADE,2830.0,2825.0,2832.0,supply_pressure
2026-07-06T09:30:39.602503,CARTRADE,2831.4,2825.0,2832.0,supply_pressure
2026-07-06T09:30:41.737035,CARTRADE,2831.4,2825.0,2832.0,supply_pressure
2026-07-06T09:30:43.868721,CARTRADE,2831.4,2825.0,2832.0,supply_pressure
2026-07-06T09:30:46.000633,CARTRADE,2831.4,2825.0,2832.0,supply_pressure
2026-07-06T09:30:48.137908,CARTRADE,2831.4,2825.0,2832.0,supply_pressure
2026-07-06T09:30:50.269692,CARTRADE,2832.9,2825.0,2832.9,supply_pressure
2026-07-06T09:30:52.397284,CARTRADE,2831.5,2825.0,2832.9,supply_pressure
2026-07-06T09:30:54.552845,CARTRADE,2832.9,2825.0,2832.9,supply_pressure
2026-07-06T09:30:56.686032,CARTRADE,2830.8,2825.0,2832.9,supply_pressure
2026-07-06T09:30:58.819163,CARTRADE,2830.8,2825.0,2832.9,supply_pressure
2026-07-06T09:31:00.968269,CARTRADE,2830.0,2825.0,2832.9,supply_pressure
2026-07-06T09:31:03.123185,CARTRADE,2830.0,2825.0,2832.9,supply_pressure
2026-07-06T09:31:05.277127,CARTRADE,2830.8,2825.0,2832.9,supply_pressure
2026-07-06T09:31:07.407438,CARTRADE,2829.5,2825.0,2832.9,supply_pressure
2026-07-06T09:31:09.557099,CARTRADE,2829.5,2825.0,2832.9,supply_pressure
2026-07-06T09:31:11.698168,CARTRADE,2829.5,2825.0,2832.9,supply_pressure
2026-07-06T09:31:13.836893,CARTRADE,2829.5,2825.0,2832.9,supply_pressure
2026-07-06T09:31:15.977319,CARTRADE,2822.2,2825.0,2832.9,supply_pressure
2026-07-06T09:31:18.119542,CARTRADE,2822.2,2825.0,2832.9,below_entry;supply_pressure
2026-07-06T09:31:20.260571,CARTRADE,2829.5,2825.0,2832.9,supply_pressure
2026-07-06T09:31:22.397005,CARTRADE,2822.6,2825.0,2832.9,supply_pressure
2026-07-06T09:31:24.563445,CARTRADE,2824.7,2825.0,2832.9,below_entry;supply_pressure
2026-07-06T09:31:26.687884,CARTRADE,2822.2,2825.0,2832.9,below_entry;supply_pressure
2026-07-06T09:31:28.816553,CARTRADE,2823.2,2825.0,2832.9,below_entry;supply_pressure
2026-07-06T09:31:30.962068,CARTRADE,2823.2,2825.0,2832.9,below_entry;supply_pressure
2026-07-06T09:31:33.103893,CARTRADE,2823.9,2825.0,2832.9,below_entry;supply_pressure
2026-07-06T09:31:35.252388,CARTRADE,2826.6,2825.0,2832.9,supply_pressure
2026-07-06T09:31:37.385183,CARTRADE,2825.0,2825.0,2832.9,supply_pressure
2026-07-06T09:31:39.521979,CARTRADE,2817.0,2825.0,2832.9,supply_pressure
2026-07-06T09:31:41.677821,CARTRADE,2817.0,2825.0,2832.9,below_entry;trailing_stop;supply_pressure
2026-07-06T09:31:43.838538,CARTRADE,2821.0,2825.0,2832.9,below_entry;supply_pressure
2026-07-06T09:31:46.020541,CARTRADE,2817.2,2825.0,2832.9,below_entry;supply_pressure
2026-07-06T09:31:48.158496,CARTRADE,2821.0,2825.0,2832.9,below_entry;supply_pressure
2026-07-06T09:31:50.289278,CARTRADE,2822.8,2825.0,2832.9,below_entry;supply_pressure
2026-07-06T09:33:03.764132,JYOTISTRUC,11.99,11.99,11.99,supply_pressure
2026-07-06T09:33:05.896098,JYOTISTRUC,11.99,11.99,11.99,supply_pressure
2026-07-06T09:33:08.066721,JYOTISTRUC,11.99,11.99,11.99,supply_pressure
2026-07-06T09:33:10.192543,JYOTISTRUC,11.99,11.99,11.99,supply_pressure
2026-07-06T09:33:12.321517,JYOTISTRUC,11.99,11.99,11.99,supply_pressure
2026-07-06T09:33:14.512521,JYOTISTRUC,11.99,11.99,11.99,supply_pressure
2026-07-06T09:33:16.649333,JYOTISTRUC,11.99,11.99,11.99,supply_pressure
2026-07-06T09:33:18.855376,JYOTISTRUC,11.99,11.99,11.99,supply_pressure
2026-07-06T09:33:20.990908,JYOTISTRUC,11.99,11.99,11.99,supply_pressure
2026-07-06T09:33:23.138086,JYOTISTRUC,11.99,11.99,11.99,supply_pressure
2026-07-06T09:33:25.286910,JYOTISTRUC,11.99,11.99,11.99,supply_pressure
2026-07-06T09:33:27.428224,JYOTISTRUC,11.99,11.99,11.99,supply_pressure
2026-07-06T09:33:29.575641,JYOTISTRUC,11.99,11.99,11.99,supply_pressure
2026-07-06T09:33:31.707716,JYOTISTRUC,11.99,11.99,11.99,supply_pressure
2026-07-06T09:33:33.869319,JYOTISTRUC,11.99,11.99,11.99,supply_pressure
2026-07-06T09:33:36.088922,JYOTISTRUC,11.99,11.99,11.99,supply_pressure
2026-07-06T09:33:38.278599,JYOTISTRUC,11.99,11.99,11.99,supply_pressure
2026-07-06T09:33:40.393664,JYOTISTRUC,11.99,11.99,11.99,supply_pressure
2026-07-06T09:33:42.523614,JYOTISTRUC,11.99,11.99,11.99,supply_pressure
2026-07-06T09:33:44.680309,JYOTISTRUC,11.99,11.99,11.99,supply_pressure
2026-07-06T09:33:46.815908,JYOTISTRUC,11.99,11.99,11.99,supply_pressure
2026-07-06T09:34:25.699226,RUBICON,1368.0,1368.3,1368.3,below_entry;supply_pressure
2026-07-06T09:34:27.833779,RUBICON,1368.0,1368.3,1368.3,below_entry;supply_pressure
2026-07-06T09:34:30.179169,RUBICON,1369.7,1368.3,1369.7,supply_pressure
2026-07-06T09:34:32.316638,RUBICON,1369.4,1368.3,1369.7,supply_pressure
2026-07-06T09:35:09.159522,VERANDA,256.05,255.36,256.05,supply_pressure
2026-07-06T09:35:11.340193,VERANDA,256.05,255.36,256.05,supply_pressure
2026-07-06T09:35:13.494903,VERANDA,256.05,255.36,256.05,supply_pressure
2026-07-06T09:35:15.630721,VERANDA,256.58,255.36,256.58,supply_pressure
2026-07-06T09:35:17.808784,VERANDA,256.58,255.36,256.58,supply_pressure
2026-07-06T09:35:19.949838,VERANDA,256.58,255.36,256.58,supply_pressure
2026-07-06T09:35:22.088697,VERANDA,256.94,255.36,256.94,supply_pressure
2026-07-06T09:35:24.256591,VERANDA,256.58,255.36,256.94,supply_pressure
2026-07-06T09:35:26.405116,VERANDA,257.0,255.36,257.0,supply_pressure
2026-07-06T09:35:37.099049,VERANDA,256.63,255.36,257.0,supply_pressure
2026-07-06T09:35:39.236975,VERANDA,256.63,255.36,257.0,supply_pressure
2026-07-06T09:35:41.377085,VERANDA,256.63,255.36,257.0,supply_pressure
2026-07-06T09:35:43.575472,VERANDA,256.63,255.36,257.0,supply_pressure
2026-07-06T09:35:45.707888,VERANDA,256.63,255.36,257.0,supply_pressure
2026-07-06T09:35:47.864269,VERANDA,256.63,255.36,257.0,supply_pressure
2026-07-06T09:35:49.999374,VERANDA,256.63,255.36,257.0,supply_pressure
2026-07-06T09:35:52.130937,VERANDA,256.63,255.36,257.0,supply_pressure
2026-07-06T09:35:54.271461,VERANDA,256.61,255.36,257.0,supply_pressure
2026-07-06T09:35:56.410789,VERANDA,256.63,255.36,257.0,supply_pressure
2026-07-06T09:35:58.531897,VERANDA,256.61,255.36,257.0,supply_pressure
2026-07-06T09:36:00.659558,VERANDA,256.61,255.36,257.0,supply_pressure
2026-07-06T09:36:02.797889,VERANDA,256.61,255.36,257.0,supply_pressure
2026-07-06T09:36:04.935004,VERANDA,256.5,255.36,257.0,supply_pressure
2026-07-06T09:36:07.060627,VERANDA,256.5,255.36,257.0,supply_pressure
2026-07-06T09:36:09.192811,VERANDA,255.82,255.36,257.0,supply_pressure
2026-07-06T09:36:11.327931,VERANDA,256.5,255.36,257.0,supply_pressure
2026-07-06T09:36:13.468233,VERANDA,256.5,255.36,257.0,supply_pressure
2026-07-06T09:36:15.621624,VERANDA,255.82,255.36,257.0,supply_pressure
2026-07-06T09:36:17.762958,VERANDA,255.82,255.36,257.0,supply_pressure
2026-07-06T09:36:19.927670,VERANDA,255.82,255.36,257.0,supply_pressure
2026-07-06T09:36:22.067327,VERANDA,255.82,255.36,257.0,supply_pressure
2026-07-06T09:36:24.201807,VERANDA,255.82,255.36,257.0,supply_pressure
2026-07-06T09:36:26.341559,VERANDA,255.82,255.36,257.0,supply_pressure
2026-07-06T09:36:28.486832,VERANDA,255.82,255.36,257.0,supply_pressure
2026-07-06T09:36:30.640001,VERANDA,255.61,255.36,257.0,supply_pressure
2026-07-06T09:36:32.773649,VERANDA,255.61,255.36,257.0,trailing_stop;supply_pressure
2026-07-06T09:36:34.967089,VERANDA,255.61,255.36,257.0,trailing_stop;supply_pressure
2026-07-06T09:36:37.110659,VERANDA,255.61,255.36,257.0,trailing_stop;supply_pressure
2026-07-06T09:36:39.242055,VERANDA,255.61,255.36,257.0,trailing_stop;supply_pressure
2026-07-06T09:36:41.378702,VERANDA,255.61,255.36,257.0,trailing_stop;supply_pressure
2026-07-06T09:36:43.514035,VERANDA,255.21,255.36,257.0,trailing_stop;supply_pressure
2026-07-06T09:36:45.641496,VERANDA,255.21,255.36,257.0,below_entry;trailing_stop;supply_pressure
2026-07-06T09:36:47.785051,VERANDA,255.73,255.36,257.0,supply_pressure
2026-07-06T09:36:49.928875,VERANDA,256.01,255.36,257.0,supply_pressure
2026-07-06T09:36:52.059465,VERANDA,256.01,255.36,257.0,supply_pressure
2026-07-06T09:36:54.194016,VERANDA,256.01,255.36,257.0,supply_pressure
2026-07-06T09:37:19.946425,VERANDA,256.81,255.36,257.57,supply_pressure
2026-07-06T09:37:30.634786,VERANDA,256.44,255.36,257.57,supply_pressure
2026-07-06T09:37:32.775819,VERANDA,256.44,255.36,257.57,supply_pressure
2026-07-07T09:10:18.135455,SAMBHV,115.8,115.8,115.8,supply_pressure
2026-07-07T09:11:49.102079,SAMBHV,115.8,115.8,115.8,supply_pressure
2026-07-07T09:11:51.226447,SAMBHV,115.8,115.8,115.8,supply_pressure
2026-07-07T09:11:53.340743,SAMBHV,115.8,115.8,115.8,supply_pressure
2026-07-07T09:11:55.468221,SAMBHV,115.8,115.8,115.8,supply_pressure
2026-07-07T09:11:57.599065,SAMBHV,115.8,115.8,115.8,supply_pressure
2026-07-07T09:11:59.725518,SAMBHV,115.8,115.8,115.8,supply_pressure
2026-07-07T09:16:19.932726,GANESHHOU,850.15,835.05,859.65,trailing_stop
2026-07-07T09:16:22.062188,GANESHHOU,849.9,835.05,859.65,trailing_stop
2026-07-07T09:16:24.214724,GANESHHOU,848.4,835.05,859.65,trailing_stop
2026-07-07T09:16:26.372599,GANESHHOU,847.5,835.05,859.65,trailing_stop
2026-07-07T09:16:28.595941,GANESHHOU,848.7,835.05,859.65,trailing_stop
2026-07-07T09:16:30.793608,GANESHHOU,845.5,835.05,859.65,trailing_stop
2026-07-07T09:16:32.958499,GANESHHOU,844.9,835.05,859.65,trailing_stop
2026-07-07T09:16:35.088611,GANESHHOU,842.55,835.05,859.65,trailing_stop
2026-07-07T09:16:37.255921,GANESHHOU,845.25,835.05,859.65,trailing_stop
2026-07-07T09:16:39.398104,GANESHHOU,846.0,835.05,859.65,trailing_stop
2026-07-07T09:16:41.613101,GANESHHOU,842.3,835.05,859.65,trailing_stop
2026-07-07T09:16:43.747747,GANESHHOU,848.95,835.05,859.65,trailing_stop
2026-07-07T09:16:45.878141,GANESHHOU,847.6,835.05,859.65,trailing_stop
2026-07-07T09:16:48.020622,GANESHHOU,845.0,835.05,859.65,trailing_stop
2026-07-07T09:16:50.154709,GANESHHOU,845.0,835.05,859.65,trailing_stop
2026-07-07T09:16:52.328808,GANESHHOU,845.1,835.05,859.65,trailing_stop
2026-07-07T09:16:54.488438,GANESHHOU,845.1,835.05,859.65,trailing_stop
2026-07-07T09:16:56.641287,GANESHHOU,845.0,835.05,859.65,trailing_stop
2026-07-07T09:16:58.821298,GANESHHOU,843.0,835.05,859.65,trailing_stop
2026-07-07T09:17:00.972661,GANESHHOU,843.0,835.05,859.65,trailing_stop
2026-07-07T09:17:03.096529,GANESHHOU,845.85,835.05,859.65,trailing_stop
2026-07-07T09:17:05.237499,GANESHHOU,843.2,835.05,859.65,trailing_stop
2026-07-07T09:17:07.371147,GANESHHOU,843.0,835.05,859.65,trailing_stop
2026-07-07T09:17:09.537037,GANESHHOU,846.0,835.05,859.65,trailing_stop
2026-07-07T09:17:11.682941,GANESHHOU,845.55,835.05,859.65,trailing_stop
2026-07-07T09:17:13.856489,GANESHHOU,846.5,835.05,859.65,trailing_stop
2026-07-07T09:17:15.992537,GANESHHOU,845.55,835.05,859.65,trailing_stop
2026-07-07T09:17:18.132123,GANESHHOU,846.5,835.05,859.65,trailing_stop
2026-07-07T09:17:20.294774,GANESHHOU,845.55,835.05,859.65,trailing_stop
2026-07-07T09:17:22.455575,GANESHHOU,845.55,835.05,859.65,trailing_stop
2026-07-07T09:17:24.612142,GANESHHOU,845.2,835.05,859.65,trailing_stop
2026-07-07T09:17:27.034377,GANESHHOU,845.2,835.05,859.65,trailing_stop
2026-07-07T09:17:29.398407,GANESHHOU,845.2,835.05,859.65,trailing_stop
2026-07-07T09:17:31.541149,GANESHHOU,848.95,835.05,859.65,trailing_stop
2026-07-07T09:17:33.789322,GANESHHOU,845.2,835.05,859.65,trailing_stop
2026-07-07T09:17:35.949408,GANESHHOU,845.2,835.05,859.65,trailing_stop
2026-07-07T09:17:38.080215,GANESHHOU,845.35,835.05,859.65,trailing_stop
2026-07-07T09:17:40.315933,GANESHHOU,845.35,835.05,859.65,trailing_stop
2026-07-07T09:17:42.467248,GANESHHOU,845.35,835.05,859.65,trailing_stop
2026-07-07T09:17:44.614106,GANESHHOU,846.85,835.05,859.65,trailing_stop
2026-07-07T09:17:46.818582,GANESHHOU,848.0,835.05,859.65,trailing_stop
2026-07-07T09:17:48.955822,GANESHHOU,848.0,835.05,859.65,trailing_stop
2026-07-07T09:17:51.096650,GANESHHOU,848.0,835.05,859.65,trailing_stop
2026-07-07T09:17:53.227028,GANESHHOU,848.0,835.05,859.65,trailing_stop
2026-07-07T09:17:55.357591,GANESHHOU,849.8,835.05,859.65,trailing_stop
2026-07-07T09:17:57.500696,GANESHHOU,849.8,835.05,859.65,trailing_stop
2026-07-07T09:17:59.634462,GANESHHOU,849.8,835.05,859.65,trailing_stop
2026-07-07T09:18:01.793723,GANESHHOU,849.8,835.05,859.65,trailing_stop
2026-07-07T09:18:03.963254,GANESHHOU,849.8,835.05,859.65,trailing_stop
2026-07-07T09:18:06.098465,GANESHHOU,853.15,835.05,859.65,trailing_stop
2026-07-07T09:18:08.237716,GANESHHOU,849.8,835.05,859.65,trailing_stop
2026-07-07T09:18:10.379689,GANESHHOU,853.15,835.05,859.65,trailing_stop
2026-07-07T09:18:12.552013,GANESHHOU,855.25,835.05,859.65,trailing_stop
2026-07-07T09:18:14.693600,GANESHHOU,854.0,835.05,859.65,trailing_stop
2026-07-07T09:18:16.860831,GANESHHOU,854.0,835.05,859.65,trailing_stop
2026-07-07T09:18:19.008709,GANESHHOU,854.0,835.05,859.65,trailing_stop
2026-07-07T09:18:21.148507,GANESHHOU,854.0,835.05,859.65,trailing_stop
2026-07-07T09:21:06.185246,GANESHHOU,872.5,835.05,877.0,trailing_stop
2026-07-07T09:43:36.297569,RELTD,178.68,0.0,178.68,demand_vs_supply
2026-07-07T09:43:38.440298,RELTD,178.68,0.0,178.68,demand_vs_supply
2026-07-07T09:43:40.575907,RELTD,178.68,0.0,178.68,demand_vs_supply
2026-07-07T09:43:42.710391,RELTD,178.64,0.0,178.68,demand_vs_supply
2026-07-07T09:43:44.862446,RELTD,178.68,0.0,178.68,demand_vs_supply
2026-07-07T09:43:47.002531,RELTD,178.68,0.0,178.68,demand_vs_supply
2026-07-07T09:43:49.128724,RELTD,178.64,0.0,178.68,demand_vs_supply
2026-07-07T09:44:12.857452,RELTD,179.0,0.0,179.0,demand_vs_supply
2026-07-07T09:44:14.982123,RELTD,179.0,0.0,179.0,demand_vs_supply
2026-07-07T09:44:17.125377,RELTD,179.0,0.0,179.0,demand_vs_supply
2026-07-07T09:44:19.268899,RELTD,179.0,0.0,179.0,demand_vs_supply
2026-07-07T09:44:21.392645,RELTD,179.0,0.0,179.0,demand_vs_supply
2026-07-07T09:44:52.616891,BAJAJCON,621.35,0.0,621.35,demand_vs_supply
2026-07-07T09:44:54.740367,BAJAJCON,622.05,0.0,622.05,demand_vs_supply
2026-07-07T09:44:56.902104,BAJAJCON,622.05,0.0,622.05,demand_vs_supply
2026-07-07T09:45:07.575389,BAJAJCON,622.05,0.0,622.05,demand_vs_supply
2026-07-07T09:45:09.819628,BAJAJCON,622.05,0.0,622.05,demand_vs_supply
2026-07-07T09:45:11.961600,BAJAJCON,622.05,0.0,622.05,demand_vs_supply
2026-07-07T09:45:14.094230,BAJAJCON,622.05,0.0,622.05,demand_vs_supply
2026-07-07T09:45:16.228964,BAJAJCON,622.05,0.0,622.05,demand_vs_supply
2026-07-07T09:45:18.387780,BAJAJCON,622.05,0.0,622.05,demand_vs_supply
2026-07-07T09:45:20.542131,BAJAJCON,622.05,0.0,622.05,demand_vs_supply
2026-07-07T09:45:22.715124,BAJAJCON,622.05,0.0,622.05,demand_vs_supply
2026-07-07T09:45:24.860456,BAJAJCON,622.05,0.0,622.05,demand_vs_supply
2026-07-07T09:45:26.999679,BAJAJCON,622.05,0.0,622.05,demand_vs_supply
2026-07-07T09:45:29.135879,BAJAJCON,622.05,0.0,622.05,demand_vs_supply
2026-07-07T09:45:31.307321,BAJAJCON,622.05,0.0,622.05,demand_vs_supply
2026-07-07T09:45:33.443228,BAJAJCON,622.05,0.0,622.05,demand_vs_supply
2026-07-07T09:45:35.580507,BAJAJCON,622.05,0.0,622.05,demand_vs_supply
2026-07-07T09:45:37.740637,BAJAJCON,622.05,0.0,622.05,demand_vs_supply
2026-07-07T09:45:39.898491,BAJAJCON,621.7,0.0,622.05,demand_vs_supply
2026-07-07T09:45:42.060256,BAJAJCON,621.7,0.0,622.05,demand_vs_supply
2026-07-07T09:45:44.179030,BAJAJCON,622.35,0.0,622.35,demand_vs_supply
2026-07-07T09:45:46.316842,BAJAJCON,622.35,0.0,622.35,demand_vs_supply
2026-07-07T09:45:48.492082,BAJAJCON,622.35,0.0,622.35,demand_vs_supply
2026-07-07T09:45:50.635785,BAJAJCON,621.7,0.0,622.35,demand_vs_supply
2026-07-07T09:47:33.485889,BAJAJCON,623.75,0.0,624.65,demand_vs_supply
2026-07-07T09:47:35.630193,BAJAJCON,623.75,0.0,624.65,demand_vs_supply
2026-07-07T09:47:37.795399,BAJAJCON,623.75,0.0,624.65,demand_vs_supply
2026-07-07T09:47:39.919882,BAJAJCON,623.75,0.0,624.65,demand_vs_supply
2026-07-07T09:47:42.057593,BAJAJCON,623.75,0.0,624.65,demand_vs_supply
2026-07-07T09:47:44.188888,BAJAJCON,623.1,0.0,624.65,demand_vs_supply
2026-07-07T09:47:46.325122,BAJAJCON,623.1,0.0,624.65,demand_vs_supply
2026-07-07T09:47:48.498178,BAJAJCON,623.05,0.0,624.65,demand_vs_supply
2026-07-07T09:47:50.642667,BAJAJCON,623.05,0.0,624.65,demand_vs_supply
2026-07-07T09:47:52.790245,BAJAJCON,623.05,0.0,624.65,demand_vs_supply
2026-07-07T09:47:54.928578,BAJAJCON,623.05,0.0,624.65,demand_vs_supply
2026-07-07T09:47:57.068017,BAJAJCON,623.05,0.0,624.65,demand_vs_supply
2026-07-07T09:47:59.235069,BAJAJCON,623.05,0.0,624.65,demand_vs_supply
2026-07-07T09:48:01.371283,BAJAJCON,623.05,0.0,624.65,demand_vs_supply
2026-07-07T09:48:03.599150,BAJAJCON,623.1,0.0,624.65,demand_vs_supply
2026-07-07T09:48:05.727973,BAJAJCON,623.05,0.0,624.65,demand_vs_supply
2026-07-07T09:48:07.859294,BAJAJCON,623.05,0.0,624.65,demand_vs_supply
2026-07-07T09:48:10.026787,BAJAJCON,623.0,0.0,624.65,demand_vs_supply
2026-07-07T09:48:12.150262,BAJAJCON,623.1,0.0,624.65,demand_vs_supply
2026-07-07T09:48:14.280289,BAJAJCON,623.0,0.0,624.65,demand_vs_supply
2026-07-07T09:48:16.415100,BAJAJCON,623.0,0.0,624.65,demand_vs_supply
2026-07-07T09:48:18.549281,BAJAJCON,623.0,0.0,624.65,demand_vs_supply
2026-07-07T09:48:20.702611,BAJAJCON,623.0,0.0,624.65,demand_vs_supply
2026-07-07T09:48:22.845713,BAJAJCON,623.05,0.0,624.65,demand_vs_supply
2026-07-07T09:48:24.979060,BAJAJCON,623.0,0.0,624.65,demand_vs_supply
2026-07-07T09:48:27.117891,BAJAJCON,623.05,0.0,624.65,demand_vs_supply
2026-07-07T09:48:29.317904,BAJAJCON,623.05,0.0,624.65,demand_vs_supply
2026-07-07T09:48:31.458025,BAJAJCON,623.05,0.0,624.65,demand_vs_supply
2026-07-07T09:48:33.610725,BAJAJCON,623.05,0.0,624.65,demand_vs_supply
2026-07-07T09:48:35.741330,BAJAJCON,623.05,0.0,624.65,demand_vs_supply
2026-07-07T09:48:37.895081,BAJAJCON,623.05,0.0,624.65,demand_vs_supply
2026-07-07T09:48:40.036944,BAJAJCON,623.05,0.0,624.65,demand_vs_supply
2026-07-07T09:48:42.185163,BAJAJCON,623.05,0.0,624.65,demand_vs_supply
2026-07-07T09:48:44.323170,BAJAJCON,623.0,0.0,624.65,demand_vs_supply
2026-07-07T09:48:46.459472,BAJAJCON,623.05,0.0,624.65,demand_vs_supply
2026-07-07T09:48:48.608533,BAJAJCON,623.0,0.0,624.65,demand_vs_supply
2026-07-07T09:48:50.747202,BAJAJCON,623.05,0.0,624.65,demand_vs_supply
2026-07-07T09:48:52.880438,BAJAJCON,623.0,0.0,624.65,demand_vs_supply
2026-07-07T09:48:55.016814,BAJAJCON,623.1,0.0,624.65,demand_vs_supply
2026-07-07T09:48:57.152328,BAJAJCON,623.1,0.0,624.65,demand_vs_supply
2026-07-07T09:48:59.381939,BAJAJCON,622.8,0.0,624.65,demand_vs_supply
2026-07-07T09:49:01.529036,BAJAJCON,623.1,0.0,624.65,demand_vs_supply
2026-07-07T09:49:03.670349,BAJAJCON,623.1,0.0,624.65,demand_vs_supply
2026-07-07T09:49:05.809763,BAJAJCON,623.4,0.0,624.65,demand_vs_supply
2026-07-07T09:49:07.931291,BAJAJCON,623.4,0.0,624.65,demand_vs_supply
2026-07-07T09:49:10.091813,BAJAJCON,623.1,0.0,624.65,demand_vs_supply
2026-07-07T09:49:12.253484,BAJAJCON,623.4,0.0,624.65,demand_vs_supply
2026-07-07T09:49:14.403177,BAJAJCON,623.4,0.0,624.65,demand_vs_supply
2026-07-07T09:49:16.537793,BAJAJCON,623.4,0.0,624.65,demand_vs_supply
2026-07-07T09:49:18.677831,BAJAJCON,623.4,0.0,624.65,demand_vs_supply
2026-07-07T09:49:20.813343,BAJAJCON,623.4,0.0,624.65,demand_vs_supply
2026-07-07T09:49:22.966010,BAJAJCON,623.4,0.0,624.65,demand_vs_supply
2026-07-07T09:49:25.106130,BAJAJCON,623.4,0.0,624.65,demand_vs_supply
2026-07-07T09:49:27.256497,BAJAJCON,623.1,0.0,624.65,demand_vs_supply
2026-07-07T09:49:29.389140,BAJAJCON,623.1,0.0,624.65,demand_vs_supply
2026-07-07T09:49:31.562322,BAJAJCON,623.1,0.0,624.65,demand_vs_supply
2026-07-07T09:49:33.718340,BAJAJCON,623.1,0.0,624.65,demand_vs_supply
2026-07-07T09:49:35.842489,BAJAJCON,624.0,0.0,624.65,demand_vs_supply
2026-07-07T09:49:37.969280,BAJAJCON,623.1,0.0,624.65,demand_vs_supply
2026-07-07T09:49:40.108585,BAJAJCON,624.0,0.0,624.65,demand_vs_supply
2026-07-07T09:49:42.245851,BAJAJCON,624.0,0.0,624.65,demand_vs_supply
2026-07-07T09:49:44.389005,BAJAJCON,624.0,0.0,624.65,demand_vs_supply
2026-07-07T09:49:46.562441,BAJAJCON,624.0,0.0,624.65,demand_vs_supply
2026-07-07T09:49:48.692970,BAJAJCON,624.0,0.0,624.65,demand_vs_supply
2026-07-07T09:49:50.819235,BAJAJCON,624.0,0.0,624.65,demand_vs_supply
2026-07-07T09:49:52.955479,BAJAJCON,624.0,0.0,624.65,demand_vs_supply
2026-07-07T09:49:55.094527,BAJAJCON,623.15,0.0,624.65,demand_vs_supply
2026-07-07T09:49:57.227067,BAJAJCON,623.15,0.0,624.65,demand_vs_supply
2026-07-07T09:49:59.365409,BAJAJCON,623.15,0.0,624.65,demand_vs_supply
2026-07-07T09:50:01.501696,BAJAJCON,623.15,0.0,624.65,demand_vs_supply
2026-07-07T09:50:03.637695,BAJAJCON,623.15,0.0,624.65,demand_vs_supply
2026-07-07T09:50:05.785511,BAJAJCON,623.15,0.0,624.65,demand_vs_supply
2026-07-07T09:50:07.926720,BAJAJCON,623.15,0.0,624.65,demand_vs_supply
2026-07-07T09:50:10.060379,BAJAJCON,623.15,0.0,624.65,demand_vs_supply
2026-07-07T09:50:12.198460,BAJAJCON,623.65,0.0,624.65,demand_vs_supply
2026-07-07T09:50:14.336140,BAJAJCON,624.05,0.0,624.65,demand_vs_supply
2026-07-07T09:50:16.469791,BAJAJCON,624.05,0.0,624.65,demand_vs_supply
2026-07-07T09:50:18.585184,BAJAJCON,623.65,0.0,624.65,demand_vs_supply
2026-07-07T09:50:20.724380,BAJAJCON,624.05,0.0,624.65,demand_vs_supply
2026-07-07T09:50:22.864802,BAJAJCON,624.25,0.0,624.65,demand_vs_supply
2026-07-07T09:50:25.000229,BAJAJCON,624.05,0.0,624.65,demand_vs_supply
2026-07-07T09:50:27.138638,BAJAJCON,624.25,0.0,624.65,demand_vs_supply
2026-07-07T09:50:29.311285,BAJAJCON,624.25,0.0,624.65,demand_vs_supply
2026-07-07T09:50:31.455172,BAJAJCON,624.25,0.0,624.65,demand_vs_supply
2026-07-07T09:50:33.591956,BAJAJCON,624.25,0.0,624.65,demand_vs_supply
2026-07-07T09:50:35.733931,BAJAJCON,624.25,0.0,624.65,demand_vs_supply
2026-07-07T09:50:37.872169,BAJAJCON,624.25,0.0,624.65,demand_vs_supply
2026-07-07T09:50:40.002007,BAJAJCON,624.25,0.0,624.65,demand_vs_supply
2026-07-07T09:50:42.122493,BAJAJCON,624.6,0.0,624.65,demand_vs_supply
2026-07-07T09:50:44.248223,BAJAJCON,624.25,0.0,624.65,demand_vs_supply
2026-07-07T09:50:46.377479,BAJAJCON,624.25,0.0,624.65,demand_vs_supply
2026-07-07T09:50:48.712248,BAJAJCON,624.2,0.0,624.65,demand_vs_supply
2026-07-07T09:50:50.841000,BAJAJCON,624.6,0.0,624.65,demand_vs_supply
2026-07-07T09:50:52.961051,BAJAJCON,624.25,0.0,624.65,demand_vs_supply
2026-07-07T09:50:55.085326,BAJAJCON,624.2,0.0,624.65,demand_vs_supply
2026-07-07T09:50:57.226379,BAJAJCON,624.2,0.0,624.65,demand_vs_supply
2026-07-07T09:50:59.388137,BAJAJCON,624.25,0.0,624.65,demand_vs_supply
2026-07-07T09:51:01.532038,BAJAJCON,624.25,0.0,624.65,demand_vs_supply
2026-07-07T09:51:03.649188,BAJAJCON,624.25,0.0,624.65,demand_vs_supply
2026-07-07T09:51:05.782366,BAJAJCON,624.25,0.0,624.65,demand_vs_supply
2026-07-07T09:51:07.920771,BAJAJCON,624.25,0.0,624.65,demand_vs_supply
2026-07-07T09:51:10.068645,BAJAJCON,624.25,0.0,624.65,demand_vs_supply
2026-07-07T09:51:12.216033,BAJAJCON,624.25,0.0,624.65,demand_vs_supply
2026-07-07T09:51:14.350031,BAJAJCON,624.25,0.0,624.65,demand_vs_supply
2026-07-07T09:51:16.492816,BAJAJCON,624.25,0.0,624.65,demand_vs_supply
2026-07-07T09:51:18.626862,BAJAJCON,624.25,0.0,624.65,demand_vs_supply
2026-07-07T09:51:20.807281,BAJAJCON,624.6,0.0,624.65,demand_vs_supply
2026-07-07T09:51:22.944327,BAJAJCON,624.25,0.0,624.65,demand_vs_supply
2026-07-07T09:51:25.076258,BAJAJCON,624.6,0.0,624.65,demand_vs_supply
2026-07-07T09:51:27.212176,BAJAJCON,624.6,0.0,624.65,demand_vs_supply
2026-07-07T09:51:29.349301,BAJAJCON,624.6,0.0,624.65,demand_vs_supply
2026-07-07T09:51:31.478431,BAJAJCON,624.6,0.0,624.65,demand_vs_supply
2026-07-07T09:51:33.608706,BAJAJCON,624.6,0.0,624.65,demand_vs_supply
2026-07-07T09:51:35.739385,BAJAJCON,624.4,0.0,624.65,demand_vs_supply
2026-07-07T09:51:37.876852,BAJAJCON,624.4,0.0,624.65,demand_vs_supply
2026-07-07T09:51:40.380990,BAJAJCON,624.4,0.0,624.65,demand_vs_supply
2026-07-07T09:51:42.543135,BAJAJCON,624.4,0.0,624.65,demand_vs_supply
2026-07-07T09:51:44.672225,BAJAJCON,624.4,0.0,624.65,demand_vs_supply
2026-07-07T09:51:46.812441,BAJAJCON,624.4,0.0,624.65,demand_vs_supply
2026-07-07T09:51:48.941899,BAJAJCON,624.4,0.0,624.65,demand_vs_supply
2026-07-07T09:51:51.080865,BAJAJCON,624.3,0.0,624.65,demand_vs_supply
2026-07-07T09:51:53.219295,BAJAJCON,624.4,0.0,624.65,demand_vs_supply
2026-07-07T09:51:55.349521,BAJAJCON,624.3,0.0,624.65,demand_vs_supply
2026-07-07T09:51:57.483997,BAJAJCON,624.3,0.0,624.65,demand_vs_supply
2026-07-07T09:51:59.618708,BAJAJCON,624.3,0.0,624.65,demand_vs_supply
2026-07-07T09:52:01.760360,BAJAJCON,624.3,0.0,624.65,demand_vs_supply
2026-07-07T09:52:03.902184,BAJAJCON,624.3,0.0,624.65,demand_vs_supply
2026-07-07T09:52:06.042498,BAJAJCON,624.3,0.0,624.65,demand_vs_supply
2026-07-07T09:52:08.169650,BAJAJCON,624.3,0.0,624.65,demand_vs_supply
2026-07-07T09:52:10.306921,BAJAJCON,624.3,0.0,624.65,demand_vs_supply
2026-07-07T09:52:12.442335,BAJAJCON,624.3,0.0,624.65,demand_vs_supply
2026-07-07T09:52:14.586293,BAJAJCON,624.3,0.0,624.65,demand_vs_supply
2026-07-07T09:52:16.722082,BAJAJCON,624.3,0.0,624.65,demand_vs_supply
2026-07-07T09:52:18.853866,BAJAJCON,624.3,0.0,624.65,demand_vs_supply
2026-07-07T09:52:20.978618,BAJAJCON,624.3,0.0,624.65,demand_vs_supply
2026-07-07T09:52:23.114489,BAJAJCON,624.3,0.0,624.65,demand_vs_supply
2026-07-07T09:52:25.243792,BAJAJCON,624.3,0.0,624.65,demand_vs_supply
2026-07-07T09:52:27.385460,BAJAJCON,624.3,0.0,624.65,demand_vs_supply
2026-07-07T09:52:29.568790,BAJAJCON,624.3,0.0,624.65,demand_vs_supply
2026-07-07T09:52:31.715370,BAJAJCON,624.3,0.0,624.65,demand_vs_supply
2026-07-07T09:52:33.853497,BAJAJCON,624.1,0.0,624.65,demand_vs_supply
2026-07-07T09:52:35.988009,BAJAJCON,624.1,0.0,624.65,demand_vs_supply
2026-07-07T09:52:38.104477,BAJAJCON,624.1,0.0,624.65,demand_vs_supply
2026-07-07T09:52:40.232405,BAJAJCON,624.1,0.0,624.65,demand_vs_supply
2026-07-07T09:52:42.349418,BAJAJCON,624.1,0.0,624.65,demand_vs_supply
2026-07-07T09:52:44.455682,BAJAJCON,624.1,0.0,624.65,demand_vs_supply
2026-07-07T09:52:46.583035,BAJAJCON,624.1,0.0,624.65,demand_vs_supply
2026-07-07T09:52:48.688772,BAJAJCON,624.1,0.0,624.65,demand_vs_supply
2026-07-07T09:52:50.893336,BAJAJCON,624.0,0.0,624.65,demand_vs_supply
2026-07-07T09:52:53.024809,BAJAJCON,624.0,0.0,624.65,demand_vs_supply
2026-07-07T09:52:55.147039,BAJAJCON,624.0,0.0,624.65,demand_vs_supply
2026-07-07T09:52:57.328389,BAJAJCON,624.0,0.0,624.65,demand_vs_supply
2026-07-07T09:52:59.453793,BAJAJCON,624.0,0.0,624.65,demand_vs_supply
2026-07-07T09:53:01.577058,BAJAJCON,624.0,0.0,624.65,demand_vs_supply
2026-07-07T09:53:03.701451,BAJAJCON,624.0,0.0,624.65,demand_vs_supply
2026-07-07T09:53:05.917165,BAJAJCON,624.0,0.0,624.65,demand_vs_supply
2026-07-07T09:53:08.033935,BAJAJCON,623.1,0.0,624.65,demand_vs_supply
2026-07-07T09:53:10.152223,BAJAJCON,623.1,0.0,624.65,demand_vs_supply
2026-07-07T09:53:12.264343,BAJAJCON,623.1,0.0,624.65,demand_vs_supply
2026-07-07T09:53:14.397415,BAJAJCON,623.0,0.0,624.65,demand_vs_supply
2026-07-07T09:53:16.511265,BAJAJCON,623.0,0.0,624.65,demand_vs_supply
2026-07-07T09:53:18.627500,BAJAJCON,623.0,0.0,624.65,demand_vs_supply
2026-07-07T09:53:20.761699,BAJAJCON,623.0,0.0,624.65,demand_vs_supply
2026-07-07T09:53:22.890520,BAJAJCON,623.0,0.0,624.65,demand_vs_supply
2026-07-07T09:53:25.071769,BAJAJCON,623.0,0.0,624.65,demand_vs_supply
2026-07-07T09:53:27.193890,BAJAJCON,623.0,0.0,624.65,demand_vs_supply
2026-07-07T09:53:29.317992,BAJAJCON,623.0,0.0,624.65,demand_vs_supply
2026-07-07T09:53:31.440365,BAJAJCON,623.0,0.0,624.65,demand_vs_supply
2026-07-07T09:53:33.593775,BAJAJCON,623.0,0.0,624.65,demand_vs_supply
2026-07-07T09:53:35.726288,BAJAJCON,623.0,0.0,624.65,demand_vs_supply
2026-07-07T09:53:37.844731,BAJAJCON,623.0,0.0,624.65,demand_vs_supply
2026-07-07T09:53:39.945667,BAJAJCON,622.9,0.0,624.65,demand_vs_supply
2026-07-07T09:53:42.074500,BAJAJCON,622.9,0.0,624.65,demand_vs_supply
2026-07-07T09:53:44.195570,BAJAJCON,623.0,0.0,624.65,demand_vs_supply
2026-07-07T09:53:46.324127,BAJAJCON,623.3,0.0,624.65,demand_vs_supply
2026-07-07T09:53:48.456269,BAJAJCON,623.3,0.0,624.65,demand_vs_supply
2026-07-07T09:53:50.578541,BAJAJCON,622.9,0.0,624.65,demand_vs_supply
2026-07-07T09:53:52.696584,BAJAJCON,622.9,0.0,624.65,demand_vs_supply
2026-07-07T09:53:54.818086,BAJAJCON,622.9,0.0,624.65,demand_vs_supply
2026-07-07T09:53:56.941028,BAJAJCON,622.9,0.0,624.65,demand_vs_supply
2026-07-07T09:53:59.076565,BAJAJCON,622.75,0.0,624.65,demand_vs_supply
2026-07-07T09:54:01.235941,BAJAJCON,622.75,0.0,624.65,demand_vs_supply
2026-07-07T09:54:03.364960,BAJAJCON,622.75,0.0,624.65,demand_vs_supply
2026-07-07T09:54:05.500576,BAJAJCON,622.75,0.0,624.65,demand_vs_supply
2026-07-07T09:54:07.650254,BAJAJCON,622.75,0.0,624.65,demand_vs_supply
2026-07-07T09:54:09.826319,BAJAJCON,622.8,0.0,624.65,demand_vs_supply
2026-07-07T09:54:11.973034,BAJAJCON,622.8,0.0,624.65,demand_vs_supply
2026-07-07T09:54:14.108517,BAJAJCON,622.8,0.0,624.65,demand_vs_supply
2026-07-07T09:54:16.244470,BAJAJCON,622.8,0.0,624.65,demand_vs_supply
2026-07-07T09:54:18.375099,BAJAJCON,622.8,0.0,624.65,demand_vs_supply
2026-07-07T09:54:20.515602,BAJAJCON,622.8,0.0,624.65,demand_vs_supply
2026-07-07T09:54:22.671813,BAJAJCON,622.8,0.0,624.65,demand_vs_supply
2026-07-07T09:54:24.818053,BAJAJCON,622.8,0.0,624.65,demand_vs_supply
2026-07-07T09:54:26.960152,BAJAJCON,622.8,0.0,624.65,demand_vs_supply
2026-07-07T09:54:29.093683,BAJAJCON,622.8,0.0,624.65,demand_vs_supply
2026-07-07T09:54:31.239318,BAJAJCON,622.8,0.0,624.65,demand_vs_supply
2026-07-07T09:54:33.379241,BAJAJCON,622.2,0.0,624.65,demand_vs_supply
2026-07-07T09:54:35.514399,BAJAJCON,622.8,0.0,624.65,demand_vs_supply
2026-07-07T09:54:37.654645,BAJAJCON,622.8,0.0,624.65,demand_vs_supply
2026-07-07T09:54:39.796455,BAJAJCON,622.25,0.0,624.65,demand_vs_supply
2026-07-07T09:54:41.935492,BAJAJCON,622.25,0.0,624.65,demand_vs_supply
2026-07-07T09:54:44.096730,BAJAJCON,622.2,0.0,624.65,demand_vs_supply
2026-07-07T09:54:46.233096,BAJAJCON,622.25,0.0,624.65,demand_vs_supply
